{"1000005":{"areaName":"Sussex Delaware nonmetropolitan area","state":"DE","counties":["Sussex County"]},"100001":{"areaName":"Northwest Alabama nonmetropolitan area","state":"AL","counties":["Cullman County","Fayette County","Franklin County","Lamar County","Marion County","Winston County"]},"100002":{"areaName":"Northeast Alabama nonmetropolitan area","state":"AL","counties":["Chambers County","Cherokee County","Clay County","Cleburne County","Coosa County","DeKalb County","Jackson County","Marshall County","Randolph County","Talladega County","Tallapoosa County"]},"100003":{"areaName":"Southwest Alabama nonmetropolitan area","state":"AL","counties":["Choctaw County","Clarke County","Conecuh County","Dallas County","Escambia County","Marengo County","Monroe County","Perry County","Sumter County","Washington County","Wilcox County"]},"100004":{"areaName":"Southeast Alabama nonmetropolitan area","state":"AL","counties":["Barbour County","Bullock County","Butler County","Coffee County","Covington County","Crenshaw County","Dale County","Pike County"]},"10180":{"areaName":"Abilene, TX","state":"TX","counties":["Callahan County","Jones County","Taylor County"]},"10380":{"areaName":"Aguadilla, PR","state":"PR","counties":["Aguada Municipio","Aguadilla Municipio","Anasco Municipio","Isabela Municipio","Moca Municipio","Rincon Municipio","San Sebastian Municipio"]},"10420":{"areaName":"Akron, OH","state":"OH","counties":["Portage County","Summit County"]},"10500":{"areaName":"Albany, GA","state":"GA","counties":["Dougherty County","Lee County","Terrell County","Worth County"]},"10540":{"areaName":"Albany, OR","state":"OR","counties":["Linn County"]},"10580":{"areaName":"Albany-Schenectady-Troy, NY","state":"NY","counties":["Albany County","Rensselaer County","Saratoga County","Schenectady County","Schoharie County"]},"10740":{"areaName":"Albuquerque, NM","state":"NM","counties":["Bernalillo County","Sandoval County","Torrance County","Valencia County"]},"10780":{"areaName":"Alexandria, LA","state":"LA","counties":["Grant Parish","Rapides Parish"]},"10900":{"areaName":"Allentown-Bethlehem-Easton, PA-NJ","state":"NJ","counties":["Warren County","Carbon County","Lehigh County","Northampton County"]},"11020":{"areaName":"Altoona, PA","state":"PA","counties":["Blair County"]},"11100":{"areaName":"Amarillo, TX","state":"TX","counties":["Armstrong County","Carson County","Oldham County","Potter County","Randall County"]},"11180":{"areaName":"Ames, IA","state":"IA","counties":["Boone County","Story County"]},"11200":{"areaName":"Amherst Town-Northampton, MA","state":"MA","counties":["Hampshire County"]},"11260":{"areaName":"Anchorage, AK","state":"AK","counties":["Anchorage Municipality","Matanuska-Susitna Borough"]},"11460":{"areaName":"Ann Arbor, MI","state":"MI","counties":["Washtenaw County"]},"11500":{"areaName":"Anniston-Oxford, AL","state":"AL","counties":["Calhoun County"]},"11540":{"areaName":"Appleton, WI","state":"WI","counties":["Calumet County","Outagamie County"]},"11640":{"areaName":"Arecibo, PR","state":"PR","counties":["Arecibo Municipio","Camuy Municipio","Hatillo Municipio","Quebradillas Municipio"]},"11700":{"areaName":"Asheville, NC","state":"NC","counties":["Buncombe County","Henderson County","Madison County"]},"1200003":{"areaName":"South Florida nonmetropolitan area","state":"FL","counties":["DeSoto County","Glades County","Hardee County","Hendry County","Monroe County","Okeechobee County"]},"1200006":{"areaName":"North Florida nonmetropolitan area","state":"FL","counties":["Bradford County","Calhoun County","Columbia County","Dixie County","Franklin County","Gulf County","Hamilton County","Holmes County","Jackson County","Lafayette County","Liberty County","Madison County","Putnam County","Suwannee County","Taylor County","Union County"]},"12020":{"areaName":"Athens-Clarke County, GA","state":"GA","counties":["Clarke County","Madison County","Oconee County","Oglethorpe County"]},"12060":{"areaName":"Atlanta-Sandy Springs-Roswell, GA","state":"GA","counties":["Barrow County","Bartow County","Butts County","Carroll County","Cherokee County","Clayton County","Cobb County","Coweta County","Dawson County","DeKalb County","Douglas County","Fayette County","Forsyth County","Fulton County","Gwinnett County","Haralson County","Heard County","Henry County","Jasper County","Lumpkin County","Meriwether County","Morgan County","Newton County","Paulding County","Pickens County","Pike County","Rockdale County","Spalding County","Walton County"]},"12100":{"areaName":"Atlantic City-Hammonton, NJ","state":"NJ","counties":["Atlantic County","Cape May County"]},"12220":{"areaName":"Auburn-Opelika, AL","state":"AL","counties":["Lee County","Macon County"]},"12260":{"areaName":"Augusta-Richmond County, GA-SC","state":"GA","counties":["Burke County","Columbia County","Lincoln County","McDuffie County","Richmond County","Aiken County","Edgefield County"]},"12420":{"areaName":"Austin-Round Rock-San Marcos, TX","state":"TX","counties":["Bastrop County","Caldwell County","Hays County","Travis County","Williamson County"]},"12540":{"areaName":"Bakersfield-Delano, CA","state":"CA","counties":["Kern County"]},"12580":{"areaName":"Baltimore-Columbia-Towson, MD","state":"MD","counties":["Anne Arundel County","Baltimore city","Baltimore County","Carroll County","Harford County","Howard County","Queen Anne's County"]},"12620":{"areaName":"Bangor, ME","state":"ME","counties":["Penobscot County"]},"12700":{"areaName":"Barnstable Town, MA","state":"MA","counties":["Barnstable County"]},"12940":{"areaName":"Baton Rouge, LA","state":"LA","counties":["Ascension Parish","Assumption Parish","East Baton Rouge Parish","East Feliciana Parish","Iberville Parish","Livingston Parish","Pointe Coupee Parish","St. Helena Parish","West Baton Rouge Parish","West Feliciana Parish"]},"12980":{"areaName":"Battle Creek, MI","state":"MI","counties":["Calhoun County"]},"1300001":{"areaName":"North Georgia nonmetropolitan area","state":"GA","counties":["Banks County","Chattooga County","Elbert County","Fannin County","Franklin County","Gilmer County","Gordon County","Greene County","Habersham County","Hart County","Jackson County","Polk County","Rabun County","Stephens County","Towns County","Union County","White County"]},"1300002":{"areaName":"Middle Georgia nonmetropolitan area","state":"GA","counties":["Baldwin County","Bleckley County","Crisp County","Dodge County","Dooly County","Lamar County","Laurens County","Macon County","Pulaski County","Putnam County","Schley County","Sumter County","Taylor County","Troup County","Upson County","Webster County","Wilcox County","Wilkinson County"]},"1300003":{"areaName":"East Georgia nonmetropolitan area","state":"GA","counties":["Bulloch County","Candler County","Emanuel County","Evans County","Glascock County","Hancock County","Jefferson County","Jenkins County","Johnson County","Montgomery County","Screven County","Taliaferro County","Tattnall County","Toombs County","Treutlen County","Warren County","Washington County","Wheeler County","Wilkes County"]},"1300004":{"areaName":"South Georgia nonmetropolitan area","state":"GA","counties":["Appling County","Atkinson County","Bacon County","Baker County","Ben Hill County","Berrien County","Calhoun County","Camden County","Charlton County","Clay County","Clinch County","Coffee County","Colquitt County","Cook County","Decatur County","Early County","Grady County","Irwin County","Jeff Davis County","Miller County","Mitchell County","Pierce County","Quitman County","Randolph County","Seminole County","Telfair County","Thomas County","Tift County","Turner County","Ware County","Wayne County"]},"13020":{"areaName":"Bay City, MI","state":"MI","counties":["Bay County"]},"13140":{"areaName":"Beaumont-Port Arthur, TX","state":"TX","counties":["Hardin County","Jefferson County","Orange County"]},"13220":{"areaName":"Beckley, WV","state":"WV","counties":["Fayette County","Raleigh County"]},"13380":{"areaName":"Bellingham, WA","state":"WA","counties":["Whatcom County"]},"13460":{"areaName":"Bend, OR","state":"OR","counties":["Crook County","Deschutes County","Jefferson County"]},"13740":{"areaName":"Billings, MT","state":"MT","counties":["Carbon County","Stillwater County","Yellowstone County"]},"13780":{"areaName":"Binghamton, NY","state":"NY","counties":["Broome County","Tioga County"]},"13820":{"areaName":"Birmingham, AL","state":"AL","counties":["Bibb County","Blount County","Chilton County","Jefferson County","Shelby County","St. Clair County","Walker County"]},"13900":{"areaName":"Bismarck, ND","state":"ND","counties":["Burleigh County","Morton County","Oliver County"]},"13980":{"areaName":"Blacksburg-Christiansburg-Radford, VA","state":"VA","counties":["Floyd County","Giles County","Montgomery County","Pulaski County","Radford city"]},"14010":{"areaName":"Bloomington, IL","state":"IL","counties":["McLean County"]},"14020":{"areaName":"Bloomington, IN","state":"IN","counties":["Monroe County","Owen County"]},"14260":{"areaName":"Boise City, ID","state":"ID","counties":["Ada County","Boise County","Canyon County","Gem County","Owyhee County"]},"14460":{"areaName":"Boston-Cambridge-Newton, MA-NH","state":"MA","counties":["Essex County","Middlesex County","Norfolk County","Plymouth County","Suffolk County","Rockingham County","Strafford County"]},"14500":{"areaName":"Boulder, CO","state":"CO","counties":["Boulder County"]},"14540":{"areaName":"Bowling Green, KY","state":"KY","counties":["Allen County","Butler County","Edmonson County","Warren County"]},"14580":{"areaName":"Bozeman, MT","state":"MT","counties":["Gallatin County"]},"14740":{"areaName":"Bremerton-Silverdale-Port Orchard, WA","state":"WA","counties":["Kitsap County"]},"14860":{"areaName":"Bridgeport-Stamford-Danbury, CT","state":"CT","counties":["Greater Bridgeport Planning Region","Western Connecticut Planning Region"]},"1500001":{"areaName":"Hawaii / Kauai nonmetropolitan area","state":"HI","counties":["Hawaii County","Kauai County"]},"15180":{"areaName":"Brownsville-Harlingen, TX","state":"TX","counties":["Cameron County"]},"15260":{"areaName":"Brunswick-St. Simons, GA","state":"GA","counties":["Brantley County","Glynn County","McIntosh County"]},"15380":{"areaName":"Buffalo-Cheektowaga, NY","state":"NY","counties":["Erie County","Niagara County"]},"15500":{"areaName":"Burlington, NC","state":"NC","counties":["Alamance County"]},"15540":{"areaName":"Burlington-South Burlington, VT","state":"VT","counties":["Chittenden County","Franklin County","Grand Isle County"]},"15940":{"areaName":"Canton-Massillon, OH","state":"OH","counties":["Carroll County","Stark County"]},"15980":{"areaName":"Cape Coral-Fort Myers, FL","state":"FL","counties":["Lee County"]},"1600006":{"areaName":"Northwestern Idaho nonmetropolitan area","state":"ID","counties":["Adams County","Benewah County","Bonner County","Boundary County","Clearwater County","Elmore County","Idaho County","Latah County","Lewis County","Payette County","Shoshone County","Valley County","Washington County"]},"1600007":{"areaName":"Southeast-Central Idaho nonmetropolitan area","state":"ID","counties":["Bear Lake County","Bingham County","Blaine County","Camas County","Caribou County","Cassia County","Clark County","Custer County","Fremont County","Gooding County","Lemhi County","Lincoln County","Madison County","Minidoka County","Oneida County","Power County","Teton County"]},"16020":{"areaName":"Cape Girardeau, MO-IL","state":"IL","counties":["Alexander County","Bollinger County","Cape Girardeau County"]},"16180":{"areaName":"Carson City, NV","state":"NV","counties":["Carson City"]},"16220":{"areaName":"Casper, WY","state":"WY","counties":["Natrona County"]},"16300":{"areaName":"Cedar Rapids, IA","state":"IA","counties":["Benton County","Jones County","Linn County"]},"16540":{"areaName":"Chambersburg, PA","state":"PA","counties":["Franklin County"]},"16580":{"areaName":"Champaign-Urbana, IL","state":"IL","counties":["Champaign County","Ford County","Piatt County"]},"16620":{"areaName":"Charleston, WV","state":"WV","counties":["Boone County","Clay County","Kanawha County"]},"16700":{"areaName":"Charleston-North Charleston, SC","state":"SC","counties":["Berkeley County","Charleston County","Dorchester County"]},"16740":{"areaName":"Charlotte-Concord-Gastonia, NC-SC","state":"NC","counties":["Anson County","Cabarrus County","Gaston County","Iredell County","Lincoln County","Mecklenburg County","Rowan County","Union County","Chester County","Lancaster County","York County"]},"16820":{"areaName":"Charlottesville, VA","state":"VA","counties":["Albemarle County","Charlottesville city","Fluvanna County","Greene County","Nelson County"]},"16860":{"areaName":"Chattanooga, TN-GA","state":"GA","counties":["Catoosa County","Dade County","Walker County","Hamilton County","Marion County","Sequatchie County"]},"16940":{"areaName":"Cheyenne, WY","state":"WY","counties":["Laramie County"]},"16980":{"areaName":"Chicago-Naperville-Elgin, IL-IN","state":"IL","counties":["Cook County","DeKalb County","DuPage County","Grundy County","Kane County","Kendall County","Lake County","McHenry County","Will County","Jasper County","Lake County","Newton County","Porter County"]},"1700001":{"areaName":"Northwest Illinois nonmetropolitan area","state":"IL","counties":["Bureau County","Carroll County","Jo Daviess County","LaSalle County","Lee County","Ogle County","Putnam County","Stephenson County","Whiteside County"]},"1700002":{"areaName":"West Central Illinois nonmetropolitan area","state":"IL","counties":["Adams County","Brown County","Cass County","Christian County","De Witt County","Fulton County","Greene County","Hancock County","Henderson County","Knox County","Livingston County","Logan County","Mason County","McDonough County","Montgomery County","Morgan County","Moultrie County","Pike County","Schuyler County","Scott County","Shelby County","Warren County"]},"1700003":{"areaName":"East Central Illinois nonmetropolitan area","state":"IL","counties":["Clark County","Clay County","Coles County","Crawford County","Cumberland County","Douglas County","Edgar County","Effingham County","Fayette County","Iroquois County","Jasper County","Lawrence County","Marion County","Richland County","Vermilion County"]},"1700004":{"areaName":"South Illinois nonmetropolitan area","state":"IL","counties":["Edwards County","Franklin County","Gallatin County","Hamilton County","Hardin County","Jackson County","Jefferson County","Johnson County","Perry County","Pope County","Pulaski County","Randolph County","Saline County","Union County","Wabash County","Washington County","Wayne County","White County","Williamson County"]},"17020":{"areaName":"Chico, CA","state":"CA","counties":["Butte County"]},"17140":{"areaName":"Cincinnati, OH-KY-IN","state":"IN","counties":["Dearborn County","Franklin County","Ohio County","Boone County","Bracken County","Campbell County","Gallatin County","Grant County","Kenton County","Pendleton County","Brown County","Butler County","Clermont County","Hamilton County","Warren County"]},"17300":{"areaName":"Clarksville, TN-KY","state":"KY","counties":["Christian County","Trigg County","Montgomery County","Stewart County"]},"17410":{"areaName":"Cleveland, OH","state":"OH","counties":["Ashtabula County","Cuyahoga County","Geauga County","Lake County","Lorain County","Medina County"]},"17420":{"areaName":"Cleveland, TN","state":"TN","counties":["Bradley County","Polk County"]},"17660":{"areaName":"Coeur d'Alene, ID","state":"ID","counties":["Kootenai County"]},"17780":{"areaName":"College Station-Bryan, TX","state":"TX","counties":["Brazos County","Burleson County","Robertson County"]},"17820":{"areaName":"Colorado Springs, CO","state":"CO","counties":["El Paso County","Teller County"]},"17860":{"areaName":"Columbia, MO","state":"MO","counties":["Boone County","Cooper County","Howard County"]},"17900":{"areaName":"Columbia, SC","state":"SC","counties":["Calhoun County","Fairfield County","Kershaw County","Lexington County","Richland County","Saluda County"]},"17980":{"areaName":"Columbus, GA-AL","state":"AL","counties":["Russell County","Chattahoochee County","Harris County","Marion County","Muscogee County","Stewart County","Talbot County"]},"1800001":{"areaName":"Northern Indiana nonmetropolitan area","state":"IN","counties":["Adams County","Cass County","DeKalb County","Fulton County","Huntington County","Kosciusko County","LaGrange County","Marshall County","Miami County","Noble County","Pulaski County","Starke County","Steuben County","Wabash County","White County"]},"1800002":{"areaName":"Central Indiana nonmetropolitan area","state":"IN","counties":["Blackford County","Clinton County","Decatur County","Fayette County","Fountain County","Grant County","Henry County","Jay County","Montgomery County","Parke County","Putnam County","Randolph County","Rush County","Union County","Wayne County"]},"1800003":{"areaName":"Southern Indiana nonmetropolitan area","state":"IN","counties":["Crawford County","Daviess County","Dubois County","Gibson County","Greene County","Jackson County","Jefferson County","Jennings County","Knox County","Lawrence County","Martin County","Orange County","Perry County","Pike County","Ripley County","Scott County","Spencer County","Switzerland County"]},"18020":{"areaName":"Columbus, IN","state":"IN","counties":["Bartholomew County"]},"18140":{"areaName":"Columbus, OH","state":"OH","counties":["Delaware County","Fairfield County","Franklin County","Hocking County","Licking County","Madison County","Morrow County","Perry County","Pickaway County","Union County"]},"18580":{"areaName":"Corpus Christi, TX","state":"TX","counties":["Aransas County","Nueces County","San Patricio County"]},"18700":{"areaName":"Corvallis, OR","state":"OR","counties":["Benton County"]},"18880":{"areaName":"Crestview-Fort Walton Beach-Destin, FL","state":"FL","counties":["Okaloosa County","Walton County"]},"1900001":{"areaName":"Northeast Iowa nonmetropolitan area","state":"IA","counties":["Allamakee County","Buchanan County","Butler County","Cerro Gordo County","Chickasaw County","Clayton County","Delaware County","Fayette County","Floyd County","Franklin County","Hardin County","Howard County","Mitchell County","Winneshiek County","Worth County"]},"1900002":{"areaName":"Northwest Iowa nonmetropolitan area","state":"IA","counties":["Buena Vista County","Calhoun County","Cherokee County","Clay County","Dickinson County","Emmet County","Hamilton County","Hancock County","Humboldt County","Ida County","Kossuth County","Lyon County","O'Brien County","Osceola County","Palo Alto County","Plymouth County","Pocahontas County","Sac County","Sioux County","Webster County","Winnebago County","Wright County"]},"1900003":{"areaName":"Southwest Iowa nonmetropolitan area","state":"IA","counties":["Adair County","Adams County","Audubon County","Carroll County","Cass County","Clarke County","Crawford County","Decatur County","Fremont County","Greene County","Lucas County","Monona County","Montgomery County","Page County","Ringgold County","Shelby County","Taylor County","Union County","Wayne County"]},"1900004":{"areaName":"Southeast Iowa nonmetropolitan area","state":"IA","counties":["Appanoose County","Cedar County","Clinton County","Davis County","Des Moines County","Henry County","Iowa County","Jackson County","Jefferson County","Keokuk County","Lee County","Louisa County","Mahaska County","Marion County","Marshall County","Monroe County","Muscatine County","Poweshiek County","Tama County","Van Buren County","Wapello County"]},"19100":{"areaName":"Dallas-Fort Worth-Arlington, TX","state":"TX","counties":["Collin County","Dallas County","Denton County","Ellis County","Hunt County","Johnson County","Kaufman County","Parker County","Rockwall County","Tarrant County","Wise County"]},"19140":{"areaName":"Dalton, GA","state":"GA","counties":["Murray County","Whitfield County"]},"19300":{"areaName":"Daphne-Fairhope-Foley, AL","state":"AL","counties":["Baldwin County"]},"19340":{"areaName":"Davenport-Moline-Rock Island, IA-IL","state":"IA","counties":["Scott County","Henry County","Mercer County","Rock Island County"]},"19430":{"areaName":"Dayton-Kettering-Beavercreek, OH","state":"OH","counties":["Greene County","Miami County","Montgomery County"]},"19460":{"areaName":"Decatur, AL","state":"AL","counties":["Lawrence County","Morgan County"]},"19500":{"areaName":"Decatur, IL","state":"IL","counties":["Macon County"]},"19660":{"areaName":"Deltona-Daytona Beach-Ormond Beach, FL","state":"FL","counties":["Flagler County","Volusia County"]},"19740":{"areaName":"Denver-Aurora-Centennial, CO","state":"CO","counties":["Adams County","Arapahoe County","Broomfield County","Clear Creek County","Denver County","Douglas County","Elbert County","Gilpin County","Jefferson County","Park County"]},"19780":{"areaName":"Des Moines-West Des Moines, IA","state":"IA","counties":["Dallas County","Guthrie County","Jasper County","Madison County","Polk County","Warren County"]},"19820":{"areaName":"Detroit-Warren-Dearborn, MI","state":"MI","counties":["Lapeer County","Livingston County","Macomb County","Oakland County","St. Clair County","Wayne County"]},"2000006":{"areaName":"Kansas nonmetropolitan area","state":"KS","counties":["Allen County","Anderson County","Atchison County","Barber County","Barton County","Bourbon County","Brown County","Chase County","Chautauqua County","Cheyenne County","Clark County","Clay County","Cloud County","Coffey County","Comanche County","Cowley County","Crawford County","Decatur County","Dickinson County","Edwards County","Elk County","Ellis County","Ellsworth County","Finney County","Ford County","Franklin County","Gove County","Graham County","Grant County","Gray County","Greeley County","Greenwood County","Hamilton County","Harper County","Haskell County","Hodgeman County","Jewell County","Kearny County","Kingman County","Kiowa County","Labette County","Lane County","Lincoln County","Logan County","Lyon County","Marion County","Marshall County","McPherson County","Meade County","Mitchell County","Montgomery County","Morris County","Morton County","Nemaha County","Neosho County","Ness County","Norton County","Osborne County","Ottawa County","Pawnee County","Phillips County","Pratt County","Rawlins County","Reno County","Republic County","Rice County","Rooks County","Rush County","Russell County","Saline County","Scott County","Seward County","Sheridan County","Sherman County","Smith County","Stafford County","Stanton County","Stevens County","Thomas County","Trego County","Wallace County","Washington County","Wichita County","Wilson County","Woodson County"]},"200006":{"areaName":"Alaska nonmetropolitan area","state":"AK","counties":["Aleutians East Borough","Aleutians West Census Area","Bethel Census Area","Bristol Bay Borough","Chugach Census Area","Copper River Census Area","Denali Borough","Dillingham Census Area","Haines Borough","Hoonah-Angoon Census Area","Juneau City and Borough","Kenai Peninsula Borough","Ketchikan Gateway Borough","Kodiak Island Borough","Kusilvak Census Area","Lake and Peninsula Borough","Nome Census Area","North Slope Borough","Northwest Arctic Borough","Petersburg Borough","Prince of Wales-Hyder Census Area","Sitka City and Borough","Skagway Municipality","Southeast Fairbanks Census Area","Wrangell City and Borough","Yakutat City and Borough","Yukon-Koyukuk Census Area"]},"20020":{"areaName":"Dothan, AL","state":"AL","counties":["Geneva County","Henry County","Houston County"]},"20100":{"areaName":"Dover, DE","state":"DE","counties":["Kent County"]},"20220":{"areaName":"Dubuque, IA","state":"IA","counties":["Dubuque County"]},"20260":{"areaName":"Duluth, MN-WI","state":"MN","counties":["Carlton County","St. Louis County","Douglas County"]},"20500":{"areaName":"Durham-Chapel Hill, NC","state":"NC","counties":["Chatham County","Durham County","Orange County","Person County"]},"20580":{"areaName":"Eagle Pass, TX","state":"TX","counties":["Maverick County"]},"20740":{"areaName":"Eau Claire, WI","state":"WI","counties":["Chippewa County","Eau Claire County"]},"20940":{"areaName":"El Centro, CA","state":"CA","counties":["Imperial County"]},"2100001":{"areaName":"West Kentucky nonmetropolitan area","state":"KY","counties":["Breckinridge County","Caldwell County","Calloway County","Crittenden County","Fulton County","Graves County","Grayson County","Hancock County","Henderson County","Hickman County","Hopkins County","Lyon County","Marshall County","Muhlenberg County","Ohio County","Todd County","Union County","Webster County"]},"2100002":{"areaName":"South Central Kentucky nonmetropolitan area","state":"KY","counties":["Adair County","Barren County","Casey County","Clinton County","Cumberland County","Green County","Hart County","Knox County","Laurel County","Logan County","Marion County","McCreary County","Metcalfe County","Monroe County","Pulaski County","Russell County","Simpson County","Taylor County","Wayne County","Whitley County"]},"2100003":{"areaName":"Central Kentucky nonmetropolitan area","state":"KY","counties":["Anderson County","Bath County","Boyle County","Carroll County","Estill County","Fleming County","Franklin County","Garrard County","Harrison County","Lewis County","Lincoln County","Madison County","Mason County","Menifee County","Mercer County","Montgomery County","Nicholas County","Owen County","Powell County","Robertson County","Rockcastle County","Rowan County","Trimble County","Washington County"]},"2100004":{"areaName":"East Kentucky nonmetropolitan area","state":"KY","counties":["Bell County","Breathitt County","Clay County","Elliott County","Floyd County","Harlan County","Jackson County","Johnson County","Knott County","Lee County","Leslie County","Letcher County","Magoffin County","Martin County","Morgan County","Owsley County","Perry County","Pike County","Wolfe County"]},"21060":{"areaName":"Elizabethtown, KY","state":"KY","counties":["Hardin County","Larue County"]},"21140":{"areaName":"Elkhart-Goshen, IN","state":"IN","counties":["Elkhart County"]},"21300":{"areaName":"Elmira, NY","state":"NY","counties":["Chemung County"]},"21340":{"areaName":"El Paso, TX","state":"TX","counties":["El Paso County","Hudspeth County"]},"21420":{"areaName":"Enid, OK","state":"OK","counties":["Garfield County"]},"21500":{"areaName":"Erie, PA","state":"PA","counties":["Erie County"]},"21660":{"areaName":"Eugene-Springfield, OR","state":"OR","counties":["Lane County"]},"21780":{"areaName":"Evansville, IN","state":"IN","counties":["Posey County","Vanderburgh County","Warrick County"]},"21820":{"areaName":"Fairbanks-College, AK","state":"AK","counties":["Fairbanks North Star Borough"]},"2200002":{"areaName":"Central Louisiana nonmetropolitan area","state":"LA","counties":["Allen Parish","Avoyelles Parish","Beauregard Parish","Evangeline Parish","LaSalle Parish","Natchitoches Parish","Red River Parish","Sabine Parish","Vernon Parish","Winn Parish"]},"2200003":{"areaName":"Northeast Louisiana nonmetropolitan area","state":"LA","counties":["Bienville Parish","Caldwell Parish","Catahoula Parish","Claiborne Parish","Concordia Parish","East Carroll Parish","Franklin Parish","Jackson Parish","Lincoln Parish","Madison Parish","Tensas Parish","Webster Parish","West Carroll Parish"]},"2200006":{"areaName":"Southwest Louisiana nonmetropolitan area","state":"LA","counties":["Iberia Parish","St. Landry Parish","St. Mary Parish","Washington Parish"]},"22020":{"areaName":"Fargo, ND-MN","state":"MN","counties":["Clay County","Cass County"]},"22140":{"areaName":"Farmington, NM","state":"NM","counties":["San Juan County"]},"22180":{"areaName":"Fayetteville, NC","state":"NC","counties":["Cumberland County","Hoke County"]},"22220":{"areaName":"Fayetteville-Springdale-Rogers, AR","state":"AR","counties":["Benton County","Madison County","Washington County"]},"22380":{"areaName":"Flagstaff, AZ","state":"AZ","counties":["Coconino County"]},"22420":{"areaName":"Flint, MI","state":"MI","counties":["Genesee County"]},"22500":{"areaName":"Florence, SC","state":"SC","counties":["Darlington County","Florence County"]},"22520":{"areaName":"Florence-Muscle Shoals, AL","state":"AL","counties":["Colbert County","Lauderdale County"]},"22540":{"areaName":"Fond du Lac, WI","state":"WI","counties":["Fond du Lac County"]},"22660":{"areaName":"Fort Collins-Loveland, CO","state":"CO","counties":["Larimer County"]},"22900":{"areaName":"Fort Smith, AR-OK","state":"AR","counties":["Crawford County","Sebastian County","Sequoyah County"]},"2300001":{"areaName":"Northeast Maine nonmetropolitan area","state":"ME","counties":["Aroostook County","Hancock County","Piscataquis County","Washington County"]},"2300002":{"areaName":"Southwest Maine nonmetropolitan area","state":"ME","counties":["Franklin County","Kennebec County","Knox County","Lincoln County","Oxford County","Somerset County","Waldo County"]},"23060":{"areaName":"Fort Wayne, IN","state":"IN","counties":["Allen County","Wells County","Whitley County"]},"23420":{"areaName":"Fresno, CA","state":"CA","counties":["Fresno County","Madera County"]},"23460":{"areaName":"Gadsden, AL","state":"AL","counties":["Etowah County"]},"23540":{"areaName":"Gainesville, FL","state":"FL","counties":["Alachua County","Gilchrist County","Levy County"]},"23580":{"areaName":"Gainesville, GA","state":"GA","counties":["Hall County"]},"23900":{"areaName":"Gettysburg, PA","state":"PA","counties":["Adams County"]},"2400006":{"areaName":"Maryland nonmetropolitan area","state":"MD","counties":["Allegany County","Caroline County","Dorchester County","Garrett County","Kent County","Talbot County","Worcester County"]},"24020":{"areaName":"Glens Falls, NY","state":"NY","counties":["Warren County","Washington County"]},"24140":{"areaName":"Goldsboro, NC","state":"NC","counties":["Wayne County"]},"24220":{"areaName":"Grand Forks, ND-MN","state":"MN","counties":["Polk County","Grand Forks County"]},"24260":{"areaName":"Grand Island, NE","state":"NE","counties":["Hall County","Howard County","Merrick County"]},"24300":{"areaName":"Grand Junction, CO","state":"CO","counties":["Mesa County"]},"24340":{"areaName":"Grand Rapids-Wyoming-Kentwood, MI","state":"MI","counties":["Barry County","Ionia County","Kent County","Montcalm County","Ottawa County"]},"24420":{"areaName":"Grants Pass, OR","state":"OR","counties":["Josephine County"]},"24500":{"areaName":"Great Falls, MT","state":"MT","counties":["Cascade County"]},"24540":{"areaName":"Greeley, CO","state":"CO","counties":["Weld County"]},"24580":{"areaName":"Green Bay, WI","state":"WI","counties":["Brown County","Kewaunee County","Oconto County"]},"24660":{"areaName":"Greensboro-High Point, NC","state":"NC","counties":["Guilford County","Randolph County","Rockingham County"]},"24780":{"areaName":"Greenville, NC","state":"NC","counties":["Pitt County"]},"24860":{"areaName":"Greenville-Anderson-Greer, SC","state":"SC","counties":["Anderson County","Greenville County","Laurens County","Pickens County"]},"2500001":{"areaName":"Massachusetts nonmetropolitan area","state":"MA","counties":["Dukes County","Franklin County","Nantucket County"]},"25020":{"areaName":"Guayama, PR","state":"PR","counties":["Arroyo Municipio","Guayama Municipio","Patillas Municipio"]},"25060":{"areaName":"Gulfport-Biloxi, MS","state":"MS","counties":["Hancock County","Harrison County","Jackson County","Stone County"]},"25180":{"areaName":"Hagerstown-Martinsburg, MD-WV","state":"MD","counties":["Washington County","Berkeley County","Morgan County"]},"25220":{"areaName":"Hammond, LA","state":"LA","counties":["Tangipahoa Parish"]},"25260":{"areaName":"Hanford-Corcoran, CA","state":"CA","counties":["Kings County"]},"25420":{"areaName":"Harrisburg-Carlisle, PA","state":"PA","counties":["Cumberland County","Dauphin County","Perry County"]},"25500":{"areaName":"Harrisonburg, VA","state":"VA","counties":["Harrisonburg city","Rockingham County"]},"25540":{"areaName":"Hartford-West Hartford-East Hartford, CT","state":"CT","counties":["Capitol Planning Region","Lower Connecticut River Valley Planning Region"]},"25620":{"areaName":"Hattiesburg, MS","state":"MS","counties":["Forrest County","Lamar County","Perry County"]},"25740":{"areaName":"Helena, MT","state":"MT","counties":["Broadwater County","Jefferson County","Lewis and Clark County"]},"25860":{"areaName":"Hickory-Lenoir-Morganton, NC","state":"NC","counties":["Alexander County","Burke County","Caldwell County","Catawba County"]},"25940":{"areaName":"Hilton Head Island-Bluffton-Port Royal, SC","state":"SC","counties":["Beaufort County","Jasper County"]},"25980":{"areaName":"Hinesville, GA","state":"GA","counties":["Liberty County","Long County"]},"2600001":{"areaName":"Upper Peninsula of Michigan nonmetropolitan area","state":"MI","counties":["Alger County","Baraga County","Chippewa County","Delta County","Dickinson County","Gogebic County","Houghton County","Iron County","Keweenaw County","Luce County","Mackinac County","Marquette County","Menominee County","Ontonagon County","Schoolcraft County"]},"2600002":{"areaName":"Northern Michigan nonmetropolitan area","state":"MI","counties":["Alcona County","Alpena County","Antrim County","Charlevoix County","Cheboygan County","Crawford County","Emmet County","Iosco County","Manistee County","Missaukee County","Montmorency County","Ogemaw County","Oscoda County","Otsego County","Presque Isle County","Roscommon County","Wexford County"]},"2600003":{"areaName":"Mid Michigan nonmetropolitan area","state":"MI","counties":["Arenac County","Clare County","Gladwin County","Gratiot County","Huron County","Isabella County","Lake County","Mason County","Mecosta County","Newaygo County","Oceana County","Osceola County","Sanilac County","Shiawassee County","Tuscola County"]},"2600004":{"areaName":"Southern Michigan nonmetropolitan area","state":"MI","counties":["Allegan County","Branch County","Hillsdale County","Lenawee County","St. Joseph County","Van Buren County"]},"26140":{"areaName":"Homosassa Springs, FL","state":"FL","counties":["Citrus County"]},"26300":{"areaName":"Hot Springs, AR","state":"AR","counties":["Garland County"]},"26380":{"areaName":"Houma-Bayou Cane-Thibodaux, LA","state":"LA","counties":["Lafourche Parish","Terrebonne Parish"]},"26420":{"areaName":"Houston-Pasadena-The Woodlands, TX","state":"TX","counties":["Austin County","Brazoria County","Chambers County","Fort Bend County","Galveston County","Harris County","Liberty County","Montgomery County","San Jacinto County","Waller County"]},"26580":{"areaName":"Huntington-Ashland, WV-KY-OH","state":"KY","counties":["Boyd County","Carter County","Greenup County","Lawrence County","Lawrence County","Cabell County","Putnam County","Wayne County"]},"26620":{"areaName":"Huntsville, AL","state":"AL","counties":["Limestone County","Madison County"]},"26820":{"areaName":"Idaho Falls, ID","state":"ID","counties":["Bonneville County","Butte County","Jefferson County"]},"26900":{"areaName":"Indianapolis-Carmel-Greenwood, IN","state":"IN","counties":["Boone County","Brown County","Hamilton County","Hancock County","Hendricks County","Johnson County","Madison County","Marion County","Morgan County","Shelby County","Tipton County"]},"26980":{"areaName":"Iowa City, IA","state":"IA","counties":["Johnson County","Washington County"]},"2700001":{"areaName":"Northwest Minnesota nonmetropolitan area","state":"MN","counties":["Becker County","Beltrami County","Cass County","Clearwater County","Crow Wing County","Douglas County","Grant County","Hubbard County","Kittson County","Lake of the Woods County","Mahnomen County","Marshall County","Morrison County","Norman County","Otter Tail County","Pennington County","Pope County","Red Lake County","Roseau County","Stevens County","Todd County","Traverse County","Wadena County","Wilkin County"]},"2700002":{"areaName":"Northeast Minnesota nonmetropolitan area","state":"MN","counties":["Aitkin County","Cook County","Itasca County","Kanabec County","Koochiching County","Lake County","Pine County"]},"2700003":{"areaName":"Southwest Minnesota nonmetropolitan area","state":"MN","counties":["Big Stone County","Chippewa County","Cottonwood County","Jackson County","Kandiyohi County","Lac qui Parle County","Lincoln County","Lyon County","McLeod County","Meeker County","Murray County","Nobles County","Pipestone County","Redwood County","Renville County","Sibley County","Swift County","Yellow Medicine County"]},"2700004":{"areaName":"Southeast Minnesota nonmetropolitan area","state":"MN","counties":["Brown County","Faribault County","Freeborn County","Goodhue County","Martin County","Mower County","Rice County","Steele County","Waseca County","Watonwan County","Winona County"]},"27060":{"areaName":"Ithaca, NY","state":"NY","counties":["Tompkins County"]},"27100":{"areaName":"Jackson, MI","state":"MI","counties":["Jackson County"]},"27140":{"areaName":"Jackson, MS","state":"MS","counties":["Copiah County","Hinds County","Holmes County","Madison County","Rankin County","Scott County","Simpson County","Yazoo County"]},"27180":{"areaName":"Jackson, TN","state":"TN","counties":["Chester County","Crockett County","Gibson County","Madison County"]},"27260":{"areaName":"Jacksonville, FL","state":"FL","counties":["Baker County","Clay County","Duval County","Nassau County","St. Johns County"]},"27340":{"areaName":"Jacksonville, NC","state":"NC","counties":["Onslow County"]},"27500":{"areaName":"Janesville-Beloit, WI","state":"WI","counties":["Rock County"]},"27620":{"areaName":"Jefferson City, MO","state":"MO","counties":["Callaway County","Cole County","Moniteau County","Osage County"]},"27740":{"areaName":"Johnson City, TN","state":"TN","counties":["Carter County","Unicoi County","Washington County"]},"27780":{"areaName":"Johnstown, PA","state":"PA","counties":["Cambria County"]},"27860":{"areaName":"Jonesboro, AR","state":"AR","counties":["Craighead County","Poinsett County"]},"27900":{"areaName":"Joplin, MO-KS","state":"KS","counties":["Cherokee County","Jasper County","Newton County"]},"27980":{"areaName":"Kahului-Wailuku, HI","state":"HI","counties":["Kalawao County","Maui County"]},"2800005":{"areaName":"West Delta Mississippi nonmetropolitan area","state":"MS","counties":["Attala County","Bolivar County","Carroll County","Coahoma County","Grenada County","Humphreys County","Issaquena County","Leake County","Leflore County","Montgomery County","Panola County","Quitman County","Sharkey County","Sunflower County","Tallahatchie County","Washington County","Yalobusha County"]},"2800006":{"areaName":"Upper East Mississippi nonmetropolitan area","state":"MS","counties":["Alcorn County","Calhoun County","Chickasaw County","Choctaw County","Clay County","Itawamba County","Lafayette County","Lee County","Lowndes County","Monroe County","Oktibbeha County","Pontotoc County","Prentiss County","Tippah County","Tishomingo County","Union County","Webster County"]},"2800007":{"areaName":"Lower West Mississippi nonmetropolitan area","state":"MS","counties":["Adams County","Amite County","Claiborne County","Franklin County","Jefferson County","Jefferson Davis County","Lawrence County","Lincoln County","Marion County","Pike County","Walthall County","Warren County","Wilkinson County"]},"2800008":{"areaName":"Lower East Mississippi nonmetropolitan area","state":"MS","counties":["Clarke County","Covington County","George County","Greene County","Jasper County","Jones County","Kemper County","Lauderdale County","Neshoba County","Newton County","Noxubee County","Pearl River County","Smith County","Wayne County","Winston County"]},"28020":{"areaName":"Kalamazoo-Portage, MI","state":"MI","counties":["Kalamazoo County"]},"28100":{"areaName":"Kankakee, IL","state":"IL","counties":["Kankakee County"]},"28140":{"areaName":"Kansas City, MO-KS","state":"KS","counties":["Johnson County","Leavenworth County","Linn County","Miami County","Wyandotte County","Bates County","Caldwell County","Cass County","Clay County","Clinton County","Jackson County","Lafayette County","Platte County","Ray County"]},"28420":{"areaName":"Kennewick-Richland, WA","state":"WA","counties":["Benton County","Franklin County"]},"28450":{"areaName":"Kenosha, WI","state":"WI","counties":["Kenosha County"]},"28660":{"areaName":"Killeen-Temple, TX","state":"TX","counties":["Bell County","Coryell County","Lampasas County"]},"28700":{"areaName":"Kingsport-Bristol, TN-VA","state":"TN","counties":["Hawkins County","Sullivan County","Bristol city","Scott County","Washington County"]},"28740":{"areaName":"Kingston, NY","state":"NY","counties":["Ulster County"]},"28880":{"areaName":"Kiryas Joel-Poughkeepsie-Newburgh, NY","state":"NY","counties":["Dutchess County","Orange County"]},"28940":{"areaName":"Knoxville, TN","state":"TN","counties":["Anderson County","Blount County","Campbell County","Grainger County","Knox County","Loudon County","Morgan County","Roane County","Union County"]},"2900001":{"areaName":"Central Missouri nonmetropolitan area","state":"MO","counties":["Benton County","Camden County","Crawford County","Dent County","Gasconade County","Henry County","Hickory County","Johnson County","Laclede County","Maries County","Miller County","Morgan County","Pettis County","Phelps County","Pulaski County","Saline County","St. Clair County"]},"2900002":{"areaName":"North Missouri nonmetropolitan area","state":"MO","counties":["Adair County","Atchison County","Audrain County","Carroll County","Chariton County","Clark County","Daviess County","Gentry County","Grundy County","Harrison County","Holt County","Knox County","Lewis County","Linn County","Livingston County","Macon County","Marion County","Mercer County","Monroe County","Montgomery County","Nodaway County","Pike County","Putnam County","Ralls County","Randolph County","Schuyler County","Scotland County","Shelby County","Sullivan County","Worth County"]},"2900003":{"areaName":"Southeast Missouri nonmetropolitan area","state":"MO","counties":["Butler County","Carter County","Douglas County","Dunklin County","Howell County","Iron County","Madison County","Mississippi County","New Madrid County","Oregon County","Ozark County","Pemiscot County","Perry County","Reynolds County","Ripley County","Scott County","Shannon County","St. Francois County","Ste. Genevieve County","Stoddard County","Texas County","Washington County","Wayne County","Wright County"]},"2900004":{"areaName":"Southwest Missouri nonmetropolitan area","state":"MO","counties":["Barry County","Barton County","Cedar County","Dade County","Lawrence County","McDonald County","Stone County","Taney County","Vernon County"]},"29020":{"areaName":"Kokomo, IN","state":"IN","counties":["Howard County"]},"29100":{"areaName":"La Crosse-Onalaska, WI-MN","state":"MN","counties":["Houston County","La Crosse County","Vernon County"]},"29180":{"areaName":"Lafayette, LA","state":"LA","counties":["Acadia Parish","Lafayette Parish","St. Martin Parish","Vermilion Parish"]},"29200":{"areaName":"Lafayette-West Lafayette, IN","state":"IN","counties":["Benton County","Carroll County","Tippecanoe County","Warren County"]},"29340":{"areaName":"Lake Charles, LA","state":"LA","counties":["Calcasieu Parish","Cameron Parish","Jefferson Davis Parish"]},"29420":{"areaName":"Lake Havasu City-Kingman, AZ","state":"AZ","counties":["Mohave County"]},"29460":{"areaName":"Lakeland-Winter Haven, FL","state":"FL","counties":["Polk County"]},"29540":{"areaName":"Lancaster, PA","state":"PA","counties":["Lancaster County"]},"29620":{"areaName":"Lansing-East Lansing, MI","state":"MI","counties":["Clinton County","Eaton County","Ingham County"]},"29700":{"areaName":"Laredo, TX","state":"TX","counties":["Webb County"]},"29740":{"areaName":"Las Cruces, NM","state":"NM","counties":["Dona Ana County"]},"29820":{"areaName":"Las Vegas-Henderson-North Las Vegas, NV","state":"NV","counties":["Clark County"]},"29940":{"areaName":"Lawrence, KS","state":"KS","counties":["Douglas County"]},"3000003":{"areaName":"Southwest Montana nonmetropolitan area","state":"MT","counties":["Beaverhead County","Deer Lodge County","Granite County","Madison County","Meagher County","Park County","Powell County","Silver Bow County","Sweet Grass County"]},"3000004":{"areaName":"West Montana nonmetropolitan area","state":"MT","counties":["Flathead County","Lake County","Lincoln County","Ravalli County","Sanders County"]},"3000006":{"areaName":"East-Central Montana nonmetropolitan area","state":"MT","counties":["Big Horn County","Blaine County","Carter County","Chouteau County","Custer County","Daniels County","Dawson County","Fallon County","Fergus County","Garfield County","Glacier County","Golden Valley County","Hill County","Judith Basin County","Liberty County","McCone County","Musselshell County","Petroleum County","Phillips County","Pondera County","Powder River County","Prairie County","Richland County","Roosevelt County","Rosebud County","Sheridan County","Teton County","Toole County","Treasure County","Valley County","Wheatland County","Wibaux County"]},"30020":{"areaName":"Lawton, OK","state":"OK","counties":["Comanche County","Cotton County"]},"30140":{"areaName":"Lebanon, PA","state":"PA","counties":["Lebanon County"]},"30300":{"areaName":"Lewiston, ID-WA","state":"ID","counties":["Nez Perce County","Asotin County"]},"30340":{"areaName":"Lewiston-Auburn, ME","state":"ME","counties":["Androscoggin County"]},"30460":{"areaName":"Lexington-Fayette, KY","state":"KY","counties":["Bourbon County","Clark County","Fayette County","Jessamine County","Scott County","Woodford County"]},"30500":{"areaName":"Lexington Park, MD","state":"MD","counties":["Calvert County","St. Mary's County"]},"30620":{"areaName":"Lima, OH","state":"OH","counties":["Allen County"]},"30700":{"areaName":"Lincoln, NE","state":"NE","counties":["Lancaster County","Seward County"]},"30780":{"areaName":"Little Rock-North Little Rock-Conway, AR","state":"AR","counties":["Faulkner County","Grant County","Lonoke County","Perry County","Pulaski County","Saline County"]},"30860":{"areaName":"Logan, UT-ID","state":"ID","counties":["Franklin County","Cache County"]},"30980":{"areaName":"Longview, TX","state":"TX","counties":["Gregg County","Harrison County","Rusk County","Upshur County"]},"3100001":{"areaName":"Northwest Nebraska nonmetropolitan area","state":"NE","counties":["Banner County","Box Butte County","Boyd County","Brown County","Cheyenne County","Dawes County","Deuel County","Garden County","Garfield County","Holt County","Keya Paha County","Kimball County","Loup County","Morrill County","Rock County","Scotts Bluff County","Sheridan County","Sioux County"]},"3100003":{"areaName":"Northeast Nebraska nonmetropolitan area","state":"NE","counties":["Antelope County","Boone County","Burt County","Butler County","Cedar County","Colfax County","Cuming County","Dixon County","Dodge County","Knox County","Madison County","Nance County","Pierce County","Platte County","Polk County","Stanton County","Thurston County","Wayne County","Wheeler County"]},"3100006":{"areaName":"South Nebraska nonmetropolitan area","state":"NE","counties":["Adams County","Arthur County","Blaine County","Buffalo County","Chase County","Cherry County","Clay County","Custer County","Dawson County","Dundy County","Fillmore County","Franklin County","Frontier County","Furnas County","Gage County","Gosper County","Grant County","Greeley County","Hamilton County","Harlan County","Hayes County","Hitchcock County","Hooker County","Jefferson County","Johnson County","Kearney County","Keith County","Lincoln County","Logan County","McPherson County","Nemaha County","Nuckolls County","Otoe County","Pawnee County","Perkins County","Phelps County","Red Willow County","Richardson County","Saline County","Sherman County","Thayer County","Thomas County","Valley County","Webster County","York County"]},"31020":{"areaName":"Longview-Kelso, WA","state":"WA","counties":["Cowlitz County"]},"31080":{"areaName":"Los Angeles-Long Beach-Anaheim, CA","state":"CA","counties":["Los Angeles County","Orange County"]},"31140":{"areaName":"Louisville/Jefferson County, KY-IN","state":"IN","counties":["Clark County","Floyd County","Harrison County","Washington County","Bullitt County","Henry County","Jefferson County","Meade County","Nelson County","Oldham County","Shelby County","Spencer County"]},"31180":{"areaName":"Lubbock, TX","state":"TX","counties":["Cochran County","Crosby County","Garza County","Hockley County","Lubbock County","Lynn County"]},"31340":{"areaName":"Lynchburg, VA","state":"VA","counties":["Amherst County","Appomattox County","Bedford County","Campbell County","Lynchburg city"]},"31420":{"areaName":"Macon-Bibb County, GA","state":"GA","counties":["Bibb County","Crawford County","Jones County","Monroe County","Twiggs County"]},"31540":{"areaName":"Madison, WI","state":"WI","counties":["Columbia County","Dane County","Green County","Iowa County"]},"31700":{"areaName":"Manchester-Nashua, NH","state":"NH","counties":["Hillsborough County"]},"31740":{"areaName":"Manhattan, KS","state":"KS","counties":["Geary County","Pottawatomie County","Riley County"]},"31860":{"areaName":"Mankato, MN","state":"MN","counties":["Blue Earth County","Nicollet County"]},"31900":{"areaName":"Mansfield, OH","state":"OH","counties":["Richland County"]},"3200006":{"areaName":"Balance of Nevada nonmetropolitan area","state":"NV","counties":["Churchill County","Douglas County","Elko County","Esmeralda County","Eureka County","Humboldt County","Lander County","Lincoln County","Mineral County","Nye County","Pershing County","White Pine County"]},"32420":{"areaName":"Mayag\u0081uez, PR","state":"PR","counties":["Cabo Rojo Municipio","Hormigueros Municipio","Lajas Municipio","Mayaguez Municipio","Sabana Grande Municipio","San German Municipio"]},"32580":{"areaName":"McAllen-Edinburg-Mission, TX","state":"TX","counties":["Hidalgo County"]},"32780":{"areaName":"Medford, OR","state":"OR","counties":["Jackson County"]},"32820":{"areaName":"Memphis, TN-MS-AR","state":"AR","counties":["Crittenden County","Benton County","DeSoto County","Marshall County","Tate County","Tunica County","Fayette County","Shelby County","Tipton County"]},"32900":{"areaName":"Merced, CA","state":"CA","counties":["Merced County"]},"3300001":{"areaName":"Northern New Hampshire nonmetropolitan area","state":"NH","counties":["Carroll County","Coos County","Grafton County"]},"3300002":{"areaName":"Central New Hampshire nonmetropolitan area","state":"NH","counties":["Belknap County","Merrimack County"]},"3300006":{"areaName":"Southwestern New Hampshire nonmetropolitan area","state":"NH","counties":["Cheshire County","Sullivan County"]},"33100":{"areaName":"Miami-Fort Lauderdale-West Palm Beach, FL","state":"FL","counties":["Broward County","Miami-Dade County","Palm Beach County"]},"33140":{"areaName":"Michigan City-La Porte, IN","state":"IN","counties":["LaPorte County"]},"33220":{"areaName":"Midland, MI","state":"MI","counties":["Midland County"]},"33260":{"areaName":"Midland, TX","state":"TX","counties":["Martin County","Midland County"]},"33340":{"areaName":"Milwaukee-Waukesha, WI","state":"WI","counties":["Milwaukee County","Ozaukee County","Washington County","Waukesha County"]},"33460":{"areaName":"Minneapolis-St. Paul-Bloomington, MN-WI","state":"MN","counties":["Anoka County","Carver County","Chisago County","Dakota County","Hennepin County","Isanti County","Le Sueur County","Mille Lacs County","Ramsey County","Scott County","Sherburne County","Washington County","Wright County","Pierce County","St. Croix County"]},"33500":{"areaName":"Minot, ND","state":"ND","counties":["McHenry County","Renville County","Ward County"]},"33540":{"areaName":"Missoula, MT","state":"MT","counties":["Mineral County","Missoula County"]},"33660":{"areaName":"Mobile, AL","state":"AL","counties":["Mobile County"]},"33700":{"areaName":"Modesto, CA","state":"CA","counties":["Stanislaus County"]},"33740":{"areaName":"Monroe, LA","state":"LA","counties":["Morehouse Parish","Ouachita Parish","Richland Parish","Union Parish"]},"33780":{"areaName":"Monroe, MI","state":"MI","counties":["Monroe County"]},"33860":{"areaName":"Montgomery, AL","state":"AL","counties":["Autauga County","Elmore County","Lowndes County","Montgomery County"]},"34060":{"areaName":"Morgantown, WV","state":"WV","counties":["Monongalia County","Preston County"]},"34100":{"areaName":"Morristown, TN","state":"TN","counties":["Hamblen County","Jefferson County"]},"34580":{"areaName":"Mount Vernon-Anacortes, WA","state":"WA","counties":["Skagit County"]},"34620":{"areaName":"Muncie, IN","state":"IN","counties":["Delaware County"]},"34740":{"areaName":"Muskegon-Norton Shores, MI","state":"MI","counties":["Muskegon County"]},"34820":{"areaName":"Myrtle Beach-Conway-North Myrtle Beach, SC","state":"SC","counties":["Horry County"]},"34900":{"areaName":"Napa, CA","state":"CA","counties":["Napa County"]},"34940":{"areaName":"Naples-Marco Island, FL","state":"FL","counties":["Collier County"]},"34980":{"areaName":"Nashville-Davidson--Murfreesboro--Franklin, TN","state":"TN","counties":["Cannon County","Cheatham County","Davidson County","Dickson County","Hickman County","Macon County","Maury County","Robertson County","Rutherford County","Smith County","Sumner County","Trousdale County","Williamson County","Wilson County"]},"3500006":{"areaName":"Northern New Mexico nonmetropolitan area","state":"NM","counties":["Catron County","Cibola County","Colfax County","Los Alamos County","McKinley County","Mora County","Rio Arriba County","San Miguel County","Taos County"]},"3500007":{"areaName":"Eastern New Mexico nonmetropolitan area","state":"NM","counties":["Chaves County","Curry County","De Baca County","Eddy County","Grant County","Guadalupe County","Harding County","Hidalgo County","Lea County","Lincoln County","Luna County","Otero County","Quay County","Roosevelt County","Sierra County","Socorro County","Union County"]},"35300":{"areaName":"New Haven, CT","state":"CT","counties":["South Central Connecticut Planning Region"]},"35380":{"areaName":"New Orleans-Metairie, LA","state":"LA","counties":["Jefferson Parish","Orleans Parish","Plaquemines Parish","St. Bernard Parish","St. Charles Parish","St. James Parish","St. John the Baptist Parish"]},"35620":{"areaName":"New York-Newark-Jersey City, NY-NJ","state":"NJ","counties":["Bergen County","Essex County","Hudson County","Hunterdon County","Middlesex County","Monmouth County","Morris County","Ocean County","Passaic County","Somerset County","Sussex County","Union County","Bronx County","Kings County","Nassau County","New York County","Putnam County","Queens County","Richmond County","Rockland County","Suffolk County","Westchester County"]},"35660":{"areaName":"Niles, MI","state":"MI","counties":["Berrien County"]},"35840":{"areaName":"North Port-Bradenton-Sarasota, FL","state":"FL","counties":["Manatee County","Sarasota County"]},"35980":{"areaName":"Norwich-New London-Willimantic, CT","state":"CT","counties":["Southeastern Connecticut Planning Region"]},"3600001":{"areaName":"Capital/Northern New York nonmetropolitan area","state":"NY","counties":["Clinton County","Essex County","Franklin County","Fulton County","Hamilton County","Lewis County","Montgomery County","St. Lawrence County"]},"3600004":{"areaName":"Southwest New York nonmetropolitan area","state":"NY","counties":["Allegany County","Cattaraugus County","Chautauqua County","Genesee County","Schuyler County","Seneca County","Steuben County","Wyoming County","Yates County"]},"3600006":{"areaName":"Central East New York nonmetropolitan area","state":"NY","counties":["Cayuga County","Chenango County","Columbia County","Cortland County","Delaware County","Greene County","Otsego County","Sullivan County"]},"36100":{"areaName":"Ocala, FL","state":"FL","counties":["Marion County"]},"36220":{"areaName":"Odessa, TX","state":"TX","counties":["Ector County"]},"36260":{"areaName":"Ogden, UT","state":"UT","counties":["Davis County","Morgan County","Weber County"]},"36420":{"areaName":"Oklahoma City, OK","state":"OK","counties":["Canadian County","Cleveland County","Grady County","Lincoln County","Logan County","McClain County","Oklahoma County"]},"36500":{"areaName":"Olympia-Lacey-Tumwater, WA","state":"WA","counties":["Thurston County"]},"36540":{"areaName":"Omaha, NE-IA","state":"IA","counties":["Harrison County","Mills County","Pottawattamie County","Cass County","Douglas County","Sarpy County","Saunders County","Washington County"]},"36740":{"areaName":"Orlando-Kissimmee-Sanford, FL","state":"FL","counties":["Lake County","Orange County","Osceola County","Seminole County"]},"36780":{"areaName":"Oshkosh-Neenah, WI","state":"WI","counties":["Winnebago County"]},"36980":{"areaName":"Owensboro, KY","state":"KY","counties":["Daviess County","McLean County"]},"3700001":{"areaName":"Eastern North Carolina nonmetropolitan area","state":"NC","counties":["Beaufort County","Bertie County","Carteret County","Chowan County","Craven County","Dare County","Duplin County","Greene County","Halifax County","Hertford County","Hyde County","Jones County","Lenoir County","Martin County","Northampton County","Pamlico County","Pasquotank County","Perquimans County","Tyrrell County","Washington County","Wilson County"]},"3700002":{"areaName":"Central North Carolina nonmetropolitan area","state":"NC","counties":["Bladen County","Caswell County","Columbus County","Granville County","Harnett County","Lee County","Montgomery County","Richmond County","Robeson County","Sampson County","Scotland County","Stanly County","Vance County","Warren County"]},"3700003":{"areaName":"Western North Carolina nonmetropolitan area","state":"NC","counties":["Alleghany County","Ashe County","Avery County","Cherokee County","Clay County","Cleveland County","Graham County","Haywood County","Jackson County","Macon County","McDowell County","Mitchell County","Polk County","Rutherford County","Surry County","Swain County","Transylvania County","Watauga County","Wilkes County","Yancey County"]},"37100":{"areaName":"Oxnard-Thousand Oaks-Ventura, CA","state":"CA","counties":["Ventura County"]},"37140":{"areaName":"Paducah, KY-IL","state":"IL","counties":["Massac County","Ballard County","Carlisle County","Livingston County","McCracken County"]},"37340":{"areaName":"Palm Bay-Melbourne-Titusville, FL","state":"FL","counties":["Brevard County"]},"37460":{"areaName":"Panama City-Panama City Beach, FL","state":"FL","counties":["Bay County","Washington County"]},"37620":{"areaName":"Parkersburg-Vienna, WV","state":"WV","counties":["Wirt County","Wood County"]},"37860":{"areaName":"Pensacola-Ferry Pass-Brent, FL","state":"FL","counties":["Escambia County","Santa Rosa County"]},"37900":{"areaName":"Peoria, IL","state":"IL","counties":["Marshall County","Peoria County","Stark County","Tazewell County","Woodford County"]},"37980":{"areaName":"Philadelphia-Camden-Wilmington, PA-NJ-DE-MD","state":"DE","counties":["New Castle County","Cecil County","Burlington County","Camden County","Gloucester County","Salem County","Bucks County","Chester County","Delaware County","Montgomery County","Philadelphia County"]},"3800006":{"areaName":"West North Dakota nonmetropolitan area","state":"ND","counties":["Adams County","Billings County","Bottineau County","Bowman County","Burke County","Divide County","Dunn County","Emmons County","Golden Valley County","Grant County","Hettinger County","Kidder County","McKenzie County","McLean County","Mercer County","Mountrail County","Pierce County","Sheridan County","Sioux County","Slope County","Stark County","Williams County"]},"3800007":{"areaName":"East North Dakota nonmetropolitan area","state":"ND","counties":["Barnes County","Benson County","Cavalier County","Dickey County","Eddy County","Foster County","Griggs County","LaMoure County","Logan County","McIntosh County","Nelson County","Pembina County","Ramsey County","Ransom County","Richland County","Rolette County","Sargent County","Steele County","Stutsman County","Towner County","Traill County","Walsh County","Wells County"]},"38060":{"areaName":"Phoenix-Mesa-Chandler, AZ","state":"AZ","counties":["Maricopa County","Pinal County"]},"38240":{"areaName":"Pinehurst-Southern Pines, NC","state":"NC","counties":["Moore County"]},"38300":{"areaName":"Pittsburgh, PA","state":"PA","counties":["Allegheny County","Armstrong County","Beaver County","Butler County","Fayette County","Lawrence County","Washington County","Westmoreland County"]},"38340":{"areaName":"Pittsfield, MA","state":"MA","counties":["Berkshire County"]},"38540":{"areaName":"Pocatello, ID","state":"ID","counties":["Bannock County"]},"38660":{"areaName":"Ponce, PR","state":"PR","counties":["Guayanilla Municipio","Juana Diaz Municipio","Penuelas Municipio","Ponce Municipio","Villalba Municipio","Yauco Municipio"]},"38860":{"areaName":"Portland-South Portland, ME","state":"ME","counties":["Cumberland County","Sagadahoc County","York County"]},"38900":{"areaName":"Portland-Vancouver-Hillsboro, OR-WA","state":"OR","counties":["Clackamas County","Columbia County","Multnomah County","Washington County","Yamhill County","Clark County","Skamania County"]},"38940":{"areaName":"Port St. Lucie, FL","state":"FL","counties":["Martin County","St. Lucie County"]},"3900001":{"areaName":"West Northwestern Ohio nonmetropolitan area","state":"OH","counties":["Auglaize County","Champaign County","Darke County","Defiance County","Hancock County","Hardin County","Henry County","Logan County","Mercer County","Paulding County","Preble County","Putnam County","Shelby County","Van Wert County","Williams County"]},"3900002":{"areaName":"North Northeastern Ohio nonmetropolitan area (noncontiguous)","state":"OH","counties":["Ashland County","Columbiana County","Crawford County","Holmes County","Huron County","Knox County","Marion County","Sandusky County","Seneca County","Wayne County","Wyandot County"]},"3900003":{"areaName":"Eastern Ohio nonmetropolitan area","state":"OH","counties":["Coshocton County","Guernsey County","Harrison County","Monroe County","Morgan County","Muskingum County","Noble County","Tuscarawas County","Washington County"]},"3900004":{"areaName":"Southern Ohio nonmetropolitan area","state":"OH","counties":["Adams County","Athens County","Clinton County","Fayette County","Gallia County","Highland County","Jackson County","Meigs County","Pike County","Ross County","Scioto County","Vinton County"]},"39150":{"areaName":"Prescott Valley-Prescott, AZ","state":"AZ","counties":["Yavapai County"]},"39300":{"areaName":"Providence-Warwick, RI-MA","state":"MA","counties":["Bristol County","Bristol County","Kent County","Newport County","Providence County","Washington County"]},"39340":{"areaName":"Provo-Orem-Lehi, UT","state":"UT","counties":["Juab County","Utah County"]},"39380":{"areaName":"Pueblo, CO","state":"CO","counties":["Pueblo County"]},"39460":{"areaName":"Punta Gorda, FL","state":"FL","counties":["Charlotte County"]},"39540":{"areaName":"Racine-Mount Pleasant, WI","state":"WI","counties":["Racine County"]},"39580":{"areaName":"Raleigh-Cary, NC","state":"NC","counties":["Franklin County","Johnston County","Wake County"]},"39660":{"areaName":"Rapid City, SD","state":"SD","counties":["Custer County","Meade County","Pennington County"]},"39740":{"areaName":"Reading, PA","state":"PA","counties":["Berks County"]},"39820":{"areaName":"Redding, CA","state":"CA","counties":["Shasta County"]},"39900":{"areaName":"Reno, NV","state":"NV","counties":["Lyon County","Storey County","Washoe County"]},"4000001":{"areaName":"Northeast Oklahoma nonmetropolitan area","state":"OK","counties":["Adair County","Cherokee County","Craig County","Delaware County","Mayes County","McIntosh County","Muskogee County","Nowata County","Okfuskee County","Ottawa County","Washington County"]},"4000002":{"areaName":"Northwest Oklahoma nonmetropolitan area","state":"OK","counties":["Alfalfa County","Beaver County","Blaine County","Cimarron County","Dewey County","Ellis County","Grant County","Harper County","Kay County","Kingfisher County","Major County","Noble County","Payne County","Texas County","Woods County","Woodward County"]},"4000003":{"areaName":"Southwest Oklahoma nonmetropolitan area","state":"OK","counties":["Beckham County","Caddo County","Custer County","Greer County","Harmon County","Jackson County","Jefferson County","Kiowa County","Roger Mills County","Stephens County","Tillman County","Washita County"]},"4000004":{"areaName":"Southeast Oklahoma nonmetropolitan area","state":"OK","counties":["Atoka County","Bryan County","Carter County","Choctaw County","Coal County","Garvin County","Haskell County","Hughes County","Johnston County","Latimer County","Le Flore County","Love County","Marshall County","McCurtain County","Murray County","Pittsburg County","Pontotoc County","Pottawatomie County","Pushmataha County","Seminole County"]},"400001":{"areaName":"Arizona nonmetropolitan area","state":"AZ","counties":["Apache County","Gila County","Graham County","Greenlee County","La Paz County","Navajo County","Santa Cruz County"]},"40060":{"areaName":"Richmond, VA","state":"VA","counties":["Amelia County","Charles City County","Chesterfield County","Colonial Heights city","Dinwiddie County","Goochland County","Hanover County","Henrico County","Hopewell city","King and Queen County","King William County","New Kent County","Petersburg city","Powhatan County","Prince George County","Richmond city","Sussex County"]},"40140":{"areaName":"Riverside-San Bernardino-Ontario, CA","state":"CA","counties":["Riverside County","San Bernardino County"]},"40220":{"areaName":"Roanoke, VA","state":"VA","counties":["Botetourt County","Craig County","Franklin County","Roanoke city","Roanoke County","Salem city"]},"40340":{"areaName":"Rochester, MN","state":"MN","counties":["Dodge County","Fillmore County","Olmsted County","Wabasha County"]},"40380":{"areaName":"Rochester, NY","state":"NY","counties":["Livingston County","Monroe County","Ontario County","Orleans County","Wayne County"]},"40420":{"areaName":"Rockford, IL","state":"IL","counties":["Boone County","Winnebago County"]},"40580":{"areaName":"Rocky Mount, NC","state":"NC","counties":["Edgecombe County","Nash County"]},"40660":{"areaName":"Rome, GA","state":"GA","counties":["Floyd County"]},"40900":{"areaName":"Sacramento-Roseville-Folsom, CA","state":"CA","counties":["El Dorado County","Placer County","Sacramento County","Yolo County"]},"40980":{"areaName":"Saginaw, MI","state":"MI","counties":["Saginaw County"]},"4100006":{"areaName":"Coast Oregon nonmetropolitan area","state":"OR","counties":["Clatsop County","Coos County","Curry County","Douglas County","Lincoln County","Tillamook County"]},"4100007":{"areaName":"Central Oregon nonmetropolitan area","state":"OR","counties":["Gilliam County","Hood River County","Klamath County","Lake County","Sherman County","Wasco County","Wheeler County"]},"4100008":{"areaName":"Eastern Oregon nonmetropolitan area","state":"OR","counties":["Baker County","Grant County","Harney County","Malheur County","Morrow County","Umatilla County","Union County","Wallowa County"]},"41060":{"areaName":"St. Cloud, MN","state":"MN","counties":["Benton County","Stearns County"]},"41100":{"areaName":"St. George, UT","state":"UT","counties":["Washington County"]},"41140":{"areaName":"St. Joseph, MO-KS","state":"KS","counties":["Doniphan County","Andrew County","Buchanan County","DeKalb County"]},"41180":{"areaName":"St. Louis, MO-IL","state":"IL","counties":["Bond County","Calhoun County","Clinton County","Jersey County","Macoupin County","Madison County","Monroe County","St. Clair County","Franklin County","Jefferson County","Lincoln County","St. Charles County","St. Louis city","St. Louis County","Warren County"]},"41420":{"areaName":"Salem, OR","state":"OR","counties":["Marion County","Polk County"]},"41500":{"areaName":"Salinas, CA","state":"CA","counties":["Monterey County"]},"41540":{"areaName":"Salisbury, MD","state":"MD","counties":["Somerset County","Wicomico County"]},"41620":{"areaName":"Salt Lake City-Murray, UT","state":"UT","counties":["Salt Lake County","Tooele County"]},"41660":{"areaName":"San Angelo, TX","state":"TX","counties":["Irion County","Tom Green County"]},"41700":{"areaName":"San Antonio-New Braunfels, TX","state":"TX","counties":["Atascosa County","Bandera County","Bexar County","Comal County","Guadalupe County","Kendall County","Medina County","Wilson County"]},"41740":{"areaName":"San Diego-Chula Vista-Carlsbad, CA","state":"CA","counties":["San Diego County"]},"41780":{"areaName":"Sandusky, OH","state":"OH","counties":["Erie County","Ottawa County"]},"41860":{"areaName":"San Francisco-Oakland-Fremont, CA","state":"CA","counties":["Alameda County","Contra Costa County","Marin County","San Francisco County","San Mateo County"]},"41940":{"areaName":"San Jose-Sunnyvale-Santa Clara, CA","state":"CA","counties":["San Benito County","Santa Clara County"]},"41980":{"areaName":"San Juan-Bayamon-Caguas, PR","state":"PR","counties":["Aguas Buenas Municipio","Aibonito Municipio","Barceloneta Municipio","Barranquitas Municipio","Bayamon Municipio","Caguas Municipio","Canovanas Municipio","Carolina Municipio","Catano Municipio","Cayey Municipio","Ceiba Municipio","Ciales Municipio","Cidra Municipio","Comerio Municipio","Corozal Municipio","Dorado Municipio","Fajardo Municipio","Florida Municipio","Guaynabo Municipio","Gurabo Municipio","Humacao Municipio","Juncos Municipio","Las Piedras Municipio","Loiza Municipio","Luquillo Municipio","Manati Municipio","Maunabo Municipio","Morovis Municipio","Naguabo Municipio","Naranjito Municipio","Orocovis Municipio","Rio Grande Municipio","San Juan Municipio","San Lorenzo Municipio","Toa Alta Municipio","Toa Baja Municipio","Trujillo Alto Municipio","Vega Alta Municipio","Vega Baja Municipio","Yabucoa Municipio"]},"4200001":{"areaName":"Northwestern Pennsylvania nonmetropolitan area","state":"PA","counties":["Cameron County","Clarion County","Clearfield County","Crawford County","Elk County","Forest County","Jefferson County","McKean County","Potter County","Venango County","Warren County"]},"4200002":{"areaName":"Northeastern Pennsylvania nonmetropolitan area","state":"PA","counties":["Bradford County","Monroe County","Pike County","Sullivan County","Susquehanna County","Tioga County","Wayne County"]},"4200003":{"areaName":"Central Pennsylvania nonmetropolitan area","state":"PA","counties":["Clinton County","Columbia County","Juniata County","Mifflin County","Montour County","Northumberland County","Schuylkill County","Snyder County","Union County"]},"4200004":{"areaName":"Southwestern Pennsylvania nonmetropolitan area","state":"PA","counties":["Bedford County","Fulton County","Greene County","Huntingdon County","Indiana County","Mercer County","Somerset County"]},"42020":{"areaName":"San Luis Obispo-Paso Robles, CA","state":"CA","counties":["San Luis Obispo County"]},"42100":{"areaName":"Santa Cruz-Watsonville, CA","state":"CA","counties":["Santa Cruz County"]},"42140":{"areaName":"Santa Fe, NM","state":"NM","counties":["Santa Fe County"]},"42200":{"areaName":"Santa Maria-Santa Barbara, CA","state":"CA","counties":["Santa Barbara County"]},"42220":{"areaName":"Santa Rosa-Petaluma, CA","state":"CA","counties":["Sonoma County"]},"42340":{"areaName":"Savannah, GA","state":"GA","counties":["Bryan County","Chatham County","Effingham County"]},"42540":{"areaName":"Scranton--Wilkes-Barre, PA","state":"PA","counties":["Lackawanna County","Luzerne County","Wyoming County"]},"42660":{"areaName":"Seattle-Tacoma-Bellevue, WA","state":"WA","counties":["King County","Pierce County","Snohomish County"]},"42680":{"areaName":"Sebastian-Vero Beach-West Vero Corridor, FL","state":"FL","counties":["Indian River County"]},"42700":{"areaName":"Sebring, FL","state":"FL","counties":["Highlands County"]},"43100":{"areaName":"Sheboygan, WI","state":"WI","counties":["Sheboygan County"]},"43300":{"areaName":"Sherman-Denison, TX","state":"TX","counties":["Grayson County"]},"43340":{"areaName":"Shreveport-Bossier City, LA","state":"LA","counties":["Bossier Parish","Caddo Parish","De Soto Parish"]},"43420":{"areaName":"Sierra Vista-Douglas, AZ","state":"AZ","counties":["Cochise County"]},"43580":{"areaName":"Sioux City, IA-NE-SD","state":"IA","counties":["Woodbury County","Dakota County","Union County"]},"43620":{"areaName":"Sioux Falls, SD-MN","state":"MN","counties":["Rock County","Lincoln County","McCook County","Minnehaha County","Turner County"]},"43640":{"areaName":"Slidell-Mandeville-Covington, LA","state":"LA","counties":["St. Tammany Parish"]},"43780":{"areaName":"South Bend-Mishawaka, IN-MI","state":"IN","counties":["St. Joseph County","Cass County"]},"43900":{"areaName":"Spartanburg, SC","state":"SC","counties":["Spartanburg County","Union County"]},"44060":{"areaName":"Spokane-Spokane Valley, WA","state":"WA","counties":["Spokane County","Stevens County"]},"44100":{"areaName":"Springfield, IL","state":"IL","counties":["Menard County","Sangamon County"]},"44140":{"areaName":"Springfield, MA","state":"MA","counties":["Hampden County"]},"44180":{"areaName":"Springfield, MO","state":"MO","counties":["Christian County","Dallas County","Greene County","Polk County","Webster County"]},"44220":{"areaName":"Springfield, OH","state":"OH","counties":["Clark County"]},"44300":{"areaName":"State College, PA","state":"PA","counties":["Centre County"]},"44420":{"areaName":"Staunton-Stuarts Draft, VA","state":"VA","counties":["Augusta County","Staunton city","Waynesboro city"]},"44700":{"areaName":"Stockton-Lodi, CA","state":"CA","counties":["San Joaquin County"]},"44940":{"areaName":"Sumter, SC","state":"SC","counties":["Sumter County"]},"4500003":{"areaName":"Northwestern South Carolina nonmetropolitan area","state":"SC","counties":["Abbeville County","Cherokee County","Greenwood County","McCormick County","Newberry County","Oconee County"]},"4500005":{"areaName":"Southern South Carolina nonmetropolitan area","state":"SC","counties":["Allendale County","Bamberg County","Barnwell County","Colleton County","Hampton County","Orangeburg County"]},"4500007":{"areaName":"Northeastern South Carolina nonmetropolitan area","state":"SC","counties":["Chesterfield County","Clarendon County","Dillon County","Georgetown County","Lee County","Marion County","Marlboro County","Williamsburg County"]},"45060":{"areaName":"Syracuse, NY","state":"NY","counties":["Madison County","Onondaga County","Oswego County"]},"45220":{"areaName":"Tallahassee, FL","state":"FL","counties":["Gadsden County","Jefferson County","Leon County","Wakulla County"]},"45300":{"areaName":"Tampa-St. Petersburg-Clearwater, FL","state":"FL","counties":["Hernando County","Hillsborough County","Pasco County","Pinellas County"]},"45460":{"areaName":"Terre Haute, IN","state":"IN","counties":["Clay County","Sullivan County","Vermillion County","Vigo County"]},"45500":{"areaName":"Texarkana, TX-AR","state":"AR","counties":["Little River County","Miller County","Bowie County"]},"45780":{"areaName":"Toledo, OH","state":"OH","counties":["Fulton County","Lucas County","Wood County"]},"45820":{"areaName":"Topeka, KS","state":"KS","counties":["Jackson County","Jefferson County","Osage County","Shawnee County","Wabaunsee County"]},"45900":{"areaName":"Traverse City, MI","state":"MI","counties":["Benzie County","Grand Traverse County","Kalkaska County","Leelanau County"]},"45940":{"areaName":"Trenton-Princeton, NJ","state":"NJ","counties":["Mercer County"]},"4600002":{"areaName":"East South Dakota nonmetropolitan area","state":"SD","counties":["Aurora County","Beadle County","Bon Homme County","Brookings County","Brown County","Clark County","Clay County","Codington County","Davison County","Day County","Deuel County","Edmunds County","Faulk County","Grant County","Hamlin County","Hanson County","Hutchinson County","Jerauld County","Kingsbury County","Lake County","Marshall County","McPherson County","Miner County","Moody County","Roberts County","Sanborn County","Spink County","Yankton County"]},"4600003":{"areaName":"West South Dakota nonmetropolitan area","state":"SD","counties":["Bennett County","Brule County","Buffalo County","Butte County","Campbell County","Charles Mix County","Corson County","Dewey County","Douglas County","Fall River County","Gregory County","Haakon County","Hand County","Harding County","Hughes County","Hyde County","Jackson County","Jones County","Lawrence County","Lyman County","Mellette County","Oglala Lakota County","Perkins County","Potter County","Stanley County","Sully County","Todd County","Tripp County","Walworth County","Ziebach County"]},"46060":{"areaName":"Tucson, AZ","state":"AZ","counties":["Pima County"]},"46140":{"areaName":"Tulsa, OK","state":"OK","counties":["Creek County","Okmulgee County","Osage County","Pawnee County","Rogers County","Tulsa County","Wagoner County"]},"46220":{"areaName":"Tuscaloosa, AL","state":"AL","counties":["Greene County","Hale County","Pickens County","Tuscaloosa County"]},"46300":{"areaName":"Twin Falls, ID","state":"ID","counties":["Jerome County","Twin Falls County"]},"46340":{"areaName":"Tyler, TX","state":"TX","counties":["Smith County"]},"46520":{"areaName":"Urban Honolulu, HI","state":"HI","counties":["Honolulu County"]},"46540":{"areaName":"Utica-Rome, NY","state":"NY","counties":["Herkimer County","Oneida County"]},"46660":{"areaName":"Valdosta, GA","state":"GA","counties":["Brooks County","Echols County","Lanier County","Lowndes County"]},"46700":{"areaName":"Vallejo, CA","state":"CA","counties":["Solano County"]},"4700001":{"areaName":"West Tennessee nonmetropolitan area","state":"TN","counties":["Benton County","Carroll County","Decatur County","Dyer County","Hardeman County","Hardin County","Haywood County","Henderson County","Henry County","Houston County","Humphreys County","Lake County","Lauderdale County","McNairy County","Obion County","Weakley County"]},"4700002":{"areaName":"South Central Tennessee nonmetropolitan area","state":"TN","counties":["Bedford County","Coffee County","Franklin County","Giles County","Grundy County","Lawrence County","Lewis County","Lincoln County","Marshall County","Moore County","Perry County","Wayne County"]},"4700003":{"areaName":"North Central Tennessee nonmetropolitan area","state":"TN","counties":["Claiborne County","Clay County","Cumberland County","DeKalb County","Fentress County","Hancock County","Jackson County","Overton County","Pickett County","Putnam County","Scott County","Warren County","White County"]},"4700004":{"areaName":"East Tennessee nonmetropolitan area","state":"TN","counties":["Bledsoe County","Cocke County","Greene County","Johnson County","McMinn County","Meigs County","Monroe County","Rhea County","Sevier County","Van Buren County"]},"47020":{"areaName":"Victoria, TX","state":"TX","counties":["Goliad County","Victoria County"]},"47220":{"areaName":"Vineland, NJ","state":"NJ","counties":["Cumberland County"]},"47260":{"areaName":"Virginia Beach-Chesapeake-Norfolk, VA-NC","state":"NC","counties":["Camden County","Currituck County","Gates County","Chesapeake city","Gloucester County","Hampton city","Isle of Wight County","James City County","Mathews County","Newport News city","Norfolk city","Poquoson city","Portsmouth city","Suffolk city","Surry County","Virginia Beach city","Williamsburg city","York County"]},"47300":{"areaName":"Visalia, CA","state":"CA","counties":["Tulare County"]},"47380":{"areaName":"Waco, TX","state":"TX","counties":["Bosque County","Falls County","McLennan County"]},"47460":{"areaName":"Walla Walla, WA","state":"WA","counties":["Walla Walla County"]},"47580":{"areaName":"Warner Robins, GA","state":"GA","counties":["Houston County","Peach County"]},"47900":{"areaName":"Washington-Arlington-Alexandria, DC-VA-MD-WV","state":"DC","counties":["District of Columbia","Charles County","Frederick County","Montgomery County","Prince George's County","Alexandria city","Arlington County","Clarke County","Culpeper County","Fairfax city","Fairfax County","Falls Church city","Fauquier County","Fredericksburg city","Loudoun County","Manassas city","Manassas Park city","Prince William County","Rappahannock County","Spotsylvania County","Stafford County","Warren County","Jefferson County"]},"47930":{"areaName":"Waterbury-Shelton, CT","state":"CT","counties":["Naugatuck Valley Planning Region"]},"47940":{"areaName":"Waterloo-Cedar Falls, IA","state":"IA","counties":["Black Hawk County","Bremer County","Grundy County"]},"4800001":{"areaName":"Northwestern Region of Texas nonmetropolitan area","state":"TX","counties":["Andrews County","Bailey County","Baylor County","Borden County","Brewster County","Briscoe County","Castro County","Childress County","Collingsworth County","Cottle County","Crane County","Crockett County","Culberson County","Dallam County","Dawson County","Deaf Smith County","Dickens County","Donley County","Fisher County","Floyd County","Foard County","Gaines County","Glasscock County","Gray County","Hale County","Hall County","Hansford County","Hardeman County","Hartley County","Haskell County","Hemphill County","Howard County","Hutchinson County","Jeff Davis County","Kent County","King County","Knox County","Lamb County","Lipscomb County","Loving County","Mitchell County","Moore County","Motley County","Nolan County","Ochiltree County","Parmer County","Pecos County","Presidio County","Reagan County","Reeves County","Roberts County","Scurry County","Shackelford County","Sherman County","Stonewall County","Swisher County","Terrell County","Terry County","Throckmorton County","Upton County","Ward County","Wheeler County","Wilbarger County","Winkler County","Yoakum County"]},"4800002":{"areaName":"North Region of Texas nonmetropolitan area","state":"TX","counties":["Anderson County","Camp County","Cass County","Cherokee County","Comanche County","Cooke County","Delta County","Eastland County","Erath County","Fannin County","Franklin County","Henderson County","Hood County","Hopkins County","Jack County","Lamar County","Marion County","Montague County","Morris County","Navarro County","Palo Pinto County","Rains County","Red River County","Somervell County","Stephens County","Titus County","Van Zandt County","Wood County","Young County"]},"4800003":{"areaName":"Eastern Region of Texas nonmetropolitan area","state":"TX","counties":["Angelina County","Houston County","Jasper County","Nacogdoches County","Newton County","Panola County","Polk County","Sabine County","San Augustine County","Shelby County","Trinity County","Tyler County"]},"4800004":{"areaName":"Hill Country Region of Texas nonmetropolitan area","state":"TX","counties":["Blanco County","Brown County","Burnet County","Coke County","Coleman County","Concho County","Fayette County","Freestone County","Gillespie County","Grimes County","Hamilton County","Hill County","Kerr County","Kimble County","Lee County","Leon County","Limestone County","Llano County","Madison County","Mason County","McCulloch County","Menard County","Milam County","Mills County","Runnels County","San Saba County","Schleicher County","Sterling County","Sutton County","Walker County","Washington County"]},"4800005":{"areaName":"Border Region of Texas nonmetropolitan area","state":"TX","counties":["Dimmit County","Edwards County","Frio County","Kinney County","La Salle County","Real County","Uvalde County","Val Verde County","Zavala County"]},"4800006":{"areaName":"Coastal Plains Region of Texas nonmetropolitan area","state":"TX","counties":["Bee County","Brooks County","Calhoun County","Colorado County","DeWitt County","Duval County","Gonzales County","Jackson County","Jim Hogg County","Jim Wells County","Karnes County","Kenedy County","Kleberg County","Lavaca County","Live Oak County","Matagorda County","McMullen County","Refugio County","Starr County","Wharton County","Willacy County","Zapata County"]},"48060":{"areaName":"Watertown-Fort Drum, NY","state":"NY","counties":["Jefferson County"]},"48140":{"areaName":"Wausau, WI","state":"WI","counties":["Marathon County"]},"48260":{"areaName":"Weirton-Steubenville, WV-OH","state":"OH","counties":["Jefferson County","Brooke County","Hancock County"]},"48300":{"areaName":"Wenatchee-East Wenatchee, WA","state":"WA","counties":["Chelan County","Douglas County"]},"48540":{"areaName":"Wheeling, WV-OH","state":"OH","counties":["Belmont County","Marshall County","Ohio County"]},"48620":{"areaName":"Wichita, KS","state":"KS","counties":["Butler County","Harvey County","Sedgwick County","Sumner County"]},"48660":{"areaName":"Wichita Falls, TX","state":"TX","counties":["Archer County","Clay County","Wichita County"]},"48680":{"areaName":"Wildwood-The Villages, FL","state":"FL","counties":["Sumter County"]},"48700":{"areaName":"Williamsport, PA","state":"PA","counties":["Lycoming County"]},"48900":{"areaName":"Wilmington, NC","state":"NC","counties":["Brunswick County","New Hanover County","Pender County"]},"4900010":{"areaName":"Wasatch Front Fringe Utah nonmetropolitan area","state":"UT","counties":["Box Elder County","Rich County","Summit County","Wasatch County"]},"4900011":{"areaName":"High Desert Utah nonmetropolitan area","state":"UT","counties":["Beaver County","Carbon County","Daggett County","Duchesne County","Emery County","Garfield County","Grand County","Iron County","Kane County","Millard County","Piute County","San Juan County","Sanpete County","Sevier County","Uintah County","Wayne County"]},"49020":{"areaName":"Winchester, VA-WV","state":"VA","counties":["Frederick County","Winchester city","Hampshire County"]},"49180":{"areaName":"Winston-Salem, NC","state":"NC","counties":["Davidson County","Davie County","Forsyth County","Stokes County","Yadkin County"]},"49340":{"areaName":"Worcester, MA","state":"MA","counties":["Worcester County"]},"49420":{"areaName":"Yakima, WA","state":"WA","counties":["Yakima County"]},"49620":{"areaName":"York-Hanover, PA","state":"PA","counties":["York County"]},"49660":{"areaName":"Youngstown-Warren, OH","state":"OH","counties":["Mahoning County","Trumbull County"]},"49700":{"areaName":"Yuba City, CA","state":"CA","counties":["Sutter County","Yuba County"]},"49740":{"areaName":"Yuma, AZ","state":"AZ","counties":["Yuma County"]},"5000001":{"areaName":"Southern Vermont nonmetropolitan area","state":"VT","counties":["Bennington County","Rutland County","Windham County","Windsor County"]},"5000002":{"areaName":"Northern Vermont nonmetropolitan area","state":"VT","counties":["Addison County","Caledonia County","Essex County","Lamoille County","Orange County","Orleans County","Washington County"]},"500001":{"areaName":"North Arkansas nonmetropolitan area","state":"AR","counties":["Baxter County","Boone County","Carroll County","Cleburne County","Fulton County","Independence County","Izard County","Jackson County","Marion County","Newton County","Searcy County","Sharp County","Stone County","Van Buren County","White County","Woodruff County"]},"500002":{"areaName":"East Arkansas nonmetropolitan area","state":"AR","counties":["Clay County","Cross County","Greene County","Lawrence County","Lee County","Mississippi County","Monroe County","Phillips County","Prairie County","Randolph County","St. Francis County"]},"500003":{"areaName":"West Arkansas nonmetropolitan area","state":"AR","counties":["Clark County","Conway County","Franklin County","Hot Spring County","Johnson County","Logan County","Montgomery County","Pike County","Polk County","Pope County","Scott County","Yell County"]},"500004":{"areaName":"South Arkansas nonmetropolitan area","state":"AR","counties":["Arkansas County","Ashley County","Bradley County","Calhoun County","Chicot County","Cleveland County","Columbia County","Dallas County","Desha County","Drew County","Hempstead County","Howard County","Jefferson County","Lafayette County","Lincoln County","Nevada County","Ouachita County","Sevier County","Union County"]},"5100001":{"areaName":"Southwest Virginia nonmetropolitan area","state":"VA","counties":["Bland County","Buchanan County","Carroll County","Dickenson County","Galax city","Grayson County","Henry County","Lee County","Martinsville city","Norton city","Patrick County","Russell County","Smyth County","Tazewell County","Wise County","Wythe County"]},"5100002":{"areaName":"Southside Virginia nonmetropolitan area","state":"VA","counties":["Brunswick County","Buckingham County","Charlotte County","Cumberland County","Danville city","Emporia city","Franklin city","Greensville County","Halifax County","Lunenburg County","Mecklenburg County","Nottoway County","Pittsylvania County","Prince Edward County","Southampton County"]},"5100003":{"areaName":"Northeast Virginia nonmetropolitan area","state":"VA","counties":["Accomack County","Caroline County","Essex County","King George County","Lancaster County","Middlesex County","Northampton County","Northumberland County","Richmond County","Westmoreland County"]},"5100004":{"areaName":"Northwest Virginia nonmetropolitan area","state":"VA","counties":["Alleghany County","Bath County","Buena Vista city","Covington city","Highland County","Lexington city","Louisa County","Madison County","Orange County","Page County","Rockbridge County","Shenandoah County"]},"5300006":{"areaName":"Western Washington nonmetropolitan area","state":"WA","counties":["Clallam County","Grays Harbor County","Island County","Jefferson County","Lewis County","Mason County","Pacific County","San Juan County","Wahkiakum County"]},"5300007":{"areaName":"Eastern Washington nonmetropolitan area","state":"WA","counties":["Adams County","Columbia County","Ferry County","Garfield County","Grant County","Kittitas County","Klickitat County","Lincoln County","Okanogan County","Pend Oreille County","Whitman County"]},"5400001":{"areaName":"Southern West Virginia nonmetropolitan area","state":"WV","counties":["Greenbrier County","Lincoln County","Logan County","McDowell County","Mercer County","Mingo County","Monroe County","Nicholas County","Pocahontas County","Summers County","Webster County","Wyoming County"]},"5400002":{"areaName":"Northern West Virginia nonmetropolitan area","state":"WV","counties":["Barbour County","Braxton County","Calhoun County","Doddridge County","Gilmer County","Grant County","Hardy County","Harrison County","Jackson County","Lewis County","Marion County","Mason County","Mineral County","Pendleton County","Pleasants County","Randolph County","Ritchie County","Roane County","Taylor County","Tucker County","Tyler County","Upshur County","Wetzel County"]},"5500001":{"areaName":"Northwestern Wisconsin nonmetropolitan area","state":"WI","counties":["Ashland County","Bayfield County","Burnett County","Iron County","Price County","Rusk County","Sawyer County","Taylor County","Washburn County"]},"5500002":{"areaName":"Northeastern Wisconsin nonmetropolitan area","state":"WI","counties":["Adams County","Door County","Florence County","Forest County","Langlade County","Lincoln County","Manitowoc County","Marinette County","Menominee County","Oneida County","Portage County","Shawano County","Vilas County","Wood County"]},"5500003":{"areaName":"South Central Wisconsin nonmetropolitan area","state":"WI","counties":["Dodge County","Grant County","Green Lake County","Jefferson County","Lafayette County","Marquette County","Richland County","Sauk County","Walworth County","Waupaca County","Waushara County"]},"5500004":{"areaName":"Western Wisconsin nonmetropolitan area","state":"WI","counties":["Barron County","Buffalo County","Clark County","Crawford County","Dunn County","Jackson County","Juneau County","Monroe County","Pepin County","Polk County","Trempealeau County"]},"5600006":{"areaName":"Western Wyoming nonmetropolitan area","state":"WY","counties":["Big Horn County","Fremont County","Hot Springs County","Lincoln County","Park County","Sublette County","Sweetwater County","Teton County","Uinta County","Washakie County"]},"5600007":{"areaName":"Eastern Wyoming nonmetropolitan area","state":"WY","counties":["Albany County","Campbell County","Carbon County","Converse County","Crook County","Goshen County","Johnson County","Niobrara County","Platte County","Sheridan County","Weston County"]},"600003":{"areaName":"North Coast Region of California nonmetropolitan area","state":"CA","counties":["Del Norte County","Humboldt County","Lake County","Mendocino County"]},"600006":{"areaName":"Eastern Sierra-Mother Lode Region of California nonmetropolitan area","state":"CA","counties":["Alpine County","Amador County","Calaveras County","Inyo County","Mariposa County","Mono County","Tuolumne County"]},"600007":{"areaName":"North Valley-Northern Mountains Region of California nonmetropolitan area","state":"CA","counties":["Colusa County","Glenn County","Lassen County","Modoc County","Nevada County","Plumas County","Sierra County","Siskiyou County","Tehama County","Trinity County"]},"6600001":{"areaName":"Guam MSA","state":"GU","counties":["ADELUP","AFAME","AGAFA GUMAS","AGANA HEIGHTS","AGAT","ANDERSEN AIR FORCE BASE","ANIGUA","APRA HEGHTS","ASAN","BARRIGADA","CABRAS ISLAND","CANADA BARRIGA","CHALAN PAGO","COCOS ISLAND","DEDEDO","EAST HAGATNA","FINAGUYAN","HAGATNA","HARMON","INARAJAN","IPAN","IPAO-TUMON","LEYANG BARRIGA","MAGA","MAINA","MAITE","MALOJLOJ","MANGILAO","MERIZO","MONGMONG","NAVAL COMMUNICATION","NAVAL HOSPITAL","NAVAL MAGAZINE","NAVAL STATION","NIMITZ HILL","ORDOT","PAGO BAY","PITI","SANTA RITA","SINAJANA","SUMAY","TAI","TALOFOFO","TAMUNING","TIYAN","TOTO","UMATAC","WINDWARD HILLS","YIGO","YONA"]},"7200006":{"areaName":"Puerto Rico nonmetropolitan area","state":"PR","counties":["Adjuntas Municipio","Coamo Municipio","Culebra Municipio","Guanica Municipio","Jayuya Municipio","Lares Municipio","Las Mar\u00edas Municipio","Maricao Municipio","Salinas Municipio","Santa Isabel Municipio","Utuado Municipio","Vieques Municipio"]},"7800001":{"areaName":"U.S. Virgin Islands MSA","state":"VI","counties":["ST. CROIX","ST. JOHN","ST. THOMAS"]},"800001":{"areaName":"Eastern and Southern Colorado nonmetropolitan area","state":"CO","counties":["Alamosa County","Baca County","Bent County","Cheyenne County","Conejos County","Costilla County","Crowley County","Custer County","Huerfano County","Kiowa County","Kit Carson County","Las Animas County","Lincoln County","Logan County","Mineral County","Morgan County","Otero County","Phillips County","Prowers County","Rio Grande County","Saguache County","Sedgwick County","Washington County","Yuma County"]},"800002":{"areaName":"Southwest Colorado nonmetropolitan area","state":"CO","counties":["Archuleta County","Chaffee County","Delta County","Dolores County","Fremont County","Gunnison County","Hinsdale County","La Plata County","Montezuma County","Montrose County","Ouray County","San Juan County","San Miguel County"]},"800003":{"areaName":"Northwest Colorado nonmetropolitan area","state":"CO","counties":["Eagle County","Garfield County","Grand County","Jackson County","Lake County","Moffat County","Pitkin County","Rio Blanco County","Routt County","Summit County"]},"900001":{"areaName":"Connecticut nonmetropolitan area","state":"CT","counties":["Northeastern Connecticut Planning Region","Northwest Hills Planning Region"]}}